{"train_loss": [2.213880967120735, 1.6118177145111316, 1.4327005281740306, 1.2774281745054283, 1.1247489777754764, 0.9828383861755838, 0.875240186647493, 0.7900737670003152, 0.7067372137490584, 0.64851392957629, 0.5815906559630316, 0.5365781749085504, 0.4937555575553252, 0.4558471190382023, 0.4228791892528534, 0.39833057489322155, 0.3681587716754602, 0.3443243399414481, 0.3197431944462718, 0.30027980942811283, 0.2825845947527156, 0.26283241500507815, 0.25169758753356886, 0.23231756546515592, 0.21416482268547526], "train_acc": [0.24786750637755103, 0.394547193877551, 0.4755062181122449, 0.5400111607142857, 0.5988081951530612, 0.6518255739795918, 0.6898596938775511, 0.7233657525510204, 0.751450892857143, 0.772883450255102, 0.7976363201530612, 0.8138073979591837, 0.8254623724489796, 0.8400271045918367, 0.8532445790816326, 0.8606106505102041, 0.8704838966836735, 0.8797712053571429, 0.8878069196428571, 0.8952248086734694, 0.9006377551020408, 0.9070232780612245, 0.9116589604591837, 0.9166613520408163, 0.9240991709183674], "test_loss": [1.742827942967415, 1.5393813014030457, 1.386851614713669, 1.2479525476694107, 1.1418115600943566, 1.0457293510437011, 0.9157938867807388, 0.892841313779354, 0.8088020160794258, 0.7521367818117142, 0.6865377336740494, 0.6531308323144913, 0.5982871763408184, 0.5900863841176033, 0.5864493303000927, 0.5503713093698025, 0.5387034945189952, 0.5554724015295506, 0.524345388263464, 0.5012510381639004, 0.4846761770546436, 0.4733465947210789, 0.49173875749111173, 0.4643677927553654, 0.4720665976405144], "test_acc": [0.344921875, 0.4345703125, 0.49462890625, 0.5494140625, 0.597265625, 0.6357421875, 0.68056640625, 0.6892578125, 0.71748046875, 0.7400390625, 0.77041015625, 0.775, 0.79921875, 0.80517578125, 0.80400390625, 0.812109375, 0.8232421875, 0.812890625, 0.82744140625, 0.83134765625, 0.8423828125, 0.84365234375, 0.8404296875, 0.8478515625, 0.85419921875]}