{"train_loss": [3.3763448729807015, 2.055793118111941, 1.8156107128882895, 1.6717774746369343, 1.5779170150659523, 1.4990328276643947, 1.4265130490672833, 1.3643265628084844, 1.2944529786401866, 1.2200527087766297, 1.133992006888195, 1.0486821249431493, 0.9761376098102453, 0.921951235557089, 0.8517753761641833, 0.8104198194888174, 0.7374807374209774, 0.6784501620093171, 0.6381970336850809, 0.5969223814959429, 0.5646493504850232, 0.5256382765210404, 0.5023959800601006, 0.4771194863988429, 0.4580784861226471], "train_acc": [0.1460578762755102, 0.22782206632653063, 0.30716677295918365, 0.3665218431122449, 0.406413424744898, 0.4445750956632653, 0.47226961096938774, 0.5007095025510204, 0.529898756377551, 0.5597735969387755, 0.5946069834183674, 0.6236686862244898, 0.6518056441326531, 0.6705755739795919, 0.6985570790816327, 0.7137635522959185, 0.7389867665816326, 0.7612683354591837, 0.77578125, 0.7902104591836734, 0.8021962691326531, 0.8166095344387755, 0.823716517857143, 0.832505580357143, 0.8391063456632653], "test_loss": [2.213198834657669, 1.9618685960769653, 1.745503044128418, 1.6930395722389222, 1.609194576740265, 1.550998079776764, 1.4661277413368226, 1.3770890355110168, 1.329310017824173, 1.232837188243866, 1.199608287215233, 1.099048089981079, 1.0672149449586867, 0.9969254046678543, 0.9513861894607544, 0.9041964933276176, 0.8531009942293167, 0.791919931769371, 0.7573647439479828, 0.7655404403805732, 0.6986965745687485, 0.6937792643904686, 0.6537687867879868, 0.6112231388688087, 0.6084243692457676], "test_acc": [0.17255859375, 0.260546875, 0.33291015625, 0.36064453125, 0.3998046875, 0.43310546875, 0.46806640625, 0.496875, 0.513671875, 0.559375, 0.574609375, 0.60615234375, 0.62822265625, 0.64453125, 0.66318359375, 0.6837890625, 0.69970703125, 0.72275390625, 0.7345703125, 0.7380859375, 0.75302734375, 0.7564453125, 0.77509765625, 0.783984375, 0.78671875]}