{"train_loss": [1.6694666779771143, 1.2269560968389317, 0.9807788097128576, 0.796184417544579, 0.6689787703205128, 0.5799076695527349, 0.5168151648677125, 0.4650791590006984, 0.42199342500190345, 0.3817948453432443, 0.3550040729495944, 0.3292205546583448, 0.30665661075285505, 0.2838280178150352, 0.2630133459306493, 0.24566628114909542, 0.2327440984699191, 0.2185421616827347, 0.20048346258319763, 0.18934832528537635, 0.1795637166241602, 0.17390548574681186, 0.16578771835383105, 0.1558124301765038, 0.14588950376729576], "train_acc": [0.3862882653061225, 0.5597735969387755, 0.6516780931122449, 0.7194236288265307, 0.7658561862244898, 0.7981544961734693, 0.8200892857142857, 0.8378148915816326, 0.8522640306122449, 0.8676538584183674, 0.8760961415816326, 0.8847616390306123, 0.8922751913265307, 0.9002551020408163, 0.9077925701530613, 0.9146045918367346, 0.919156568877551, 0.9244698660714286, 0.930046237244898, 0.9330994897959183, 0.9380978954081632, 0.9388472576530612, 0.9421157525510204, 0.9444316007653062, 0.9497927295918368], "test_loss": [1.4041256994009017, 1.198625123500824, 0.9129629701375961, 0.7446652948856354, 0.6472224503755569, 0.6055382162332534, 0.5777144730091095, 0.5270468831062317, 0.48017292395234107, 0.45694088861346244, 0.45893135517835615, 0.44069670513272285, 0.427336960285902, 0.4109470285475254, 0.41594227477908136, 0.397778595238924, 0.39800973534584044, 0.4267170414328575, 0.4273786246776581, 0.4091547653079033, 0.3962303660809994, 0.42330891974270346, 0.3862059496343136, 0.38981654644012453, 0.3816172003746033], "test_acc": [0.48701171875, 0.56875, 0.672265625, 0.73369140625, 0.76875, 0.788671875, 0.79736328125, 0.8177734375, 0.83251953125, 0.83974609375, 0.84462890625, 0.8443359375, 0.8505859375, 0.85986328125, 0.85771484375, 0.86318359375, 0.86875, 0.8599609375, 0.85966796875, 0.8646484375, 0.866015625, 0.86484375, 0.87802734375, 0.87880859375, 0.88076171875]}