{"train_loss": [1.9900365216391427, 1.4165622683203951, 1.1948405370420339, 1.0174977739854736, 0.8970903149064706, 0.805578027148636, 0.7270051712284282, 0.662479140624708, 0.601347989877876, 0.5488357689915871, 0.5083590783939069, 0.4755356327003362, 0.4429366035120828, 0.4100619070992178, 0.3849285479102816, 0.3668075033596584, 0.3478209159660096, 0.32873356251084074, 0.3138787123773779, 0.29512677052799535, 0.28588491913919545, 0.27239272599013487, 0.2575740070671451, 0.24822599425607797, 0.23816191214992075], "train_acc": [0.3258888711734694, 0.48043287627551023, 0.5697983099489796, 0.639891581632653, 0.6807079081632652, 0.7165019132653061, 0.7445950255102042, 0.7678651147959183, 0.7912866709183674, 0.8075573979591837, 0.8232700892857143, 0.8328005420918367, 0.8438297193877551, 0.857633131377551, 0.8646364795918368, 0.8726203762755101, 0.8776626275510204, 0.8863161670918368, 0.8894172512755102, 0.8973054846938775, 0.8996213329081633, 0.9047951211734694, 0.9095822704081632, 0.9139947385204081, 0.9160953443877551], "test_loss": [1.5954449117183684, 1.3569736450910568, 1.1287547826766968, 1.0491264507174491, 0.8954409480094909, 0.8662646964192391, 0.7965024501085282, 0.7220814198255538, 0.6623479917645454, 0.6688186973333359, 0.6338697418570518, 0.6106583200395107, 0.5825081318616867, 0.5904942795634269, 0.5533065438270569, 0.5426416479051113, 0.5315125659108162, 0.523090348392725, 0.5087700486183167, 0.5150060348212719, 0.5074287094175816, 0.489581823348999, 0.4674643836915493, 0.47985673546791074, 0.47735653445124626], "test_acc": [0.41005859375, 0.50478515625, 0.5900390625, 0.6291015625, 0.687890625, 0.698046875, 0.72529296875, 0.74677734375, 0.77216796875, 0.76826171875, 0.77763671875, 0.79248046875, 0.7984375, 0.80166015625, 0.81494140625, 0.81748046875, 0.82236328125, 0.8197265625, 0.83134765625, 0.83125, 0.82587890625, 0.83642578125, 0.84755859375, 0.8482421875, 0.84375]}